<?xml version="1.0" encoding="UTF-8"?>
<project version="4">
  <component name="AutoImportSettings">
    <option name="autoReloadType" value="SELECTIVE" />
  </component>
  <component name="ChangeListManager">
    <list default="true" id="5d2ad899-e5f5-4982-9373-920fa6fbaba4" name="Changes" comment="Deleted dashBoardHandler_test --&gt; unable to finish">
      <change beforePath="$PROJECT_DIR$/.gitignore" beforeDir="false" afterPath="$PROJECT_DIR$/.gitignore" afterDir="false" />
    </list>
    <option name="SHOW_DIALOG" value="false" />
    <option name="HIGHLIGHT_CONFLICTS" value="true" />
    <option name="HIGHLIGHT_NON_ACTIVE_CHANGELIST" value="false" />
    <option name="LAST_RESOLUTION" value="IGNORE" />
  </component>
  <component name="FileTemplateManagerImpl">
    <option name="RECENT_TEMPLATES">
      <list>
        <option value="Go File" />
      </list>
    </option>
  </component>
  <component name="GOROOT" url="file://$USER_HOME$/go/pkg/mod/golang.org/toolchain@v0.0.1-go1.24.0.windows-amd64" />
  <component name="Git.Settings">
    <option name="RECENT_GIT_ROOT_PATH" value="$PROJECT_DIR$" />
    <option name="UPDATE_TYPE" value="REBASE" />
  </component>
  <component name="GitLabMergeRequestFiltersHistory">{
  &quot;lastFilter&quot;: {
    &quot;state&quot;: &quot;OPENED&quot;,
    &quot;assignee&quot;: {
      &quot;type&quot;: &quot;org.jetbrains.plugins.gitlab.mergerequest.ui.filters.GitLabMergeRequestsFiltersValue.MergeRequestsMemberFilterValue.MergeRequestsAssigneeFilterValue&quot;,
      &quot;username&quot;: &quot;syali&quot;,
      &quot;fullname&quot;: &quot;Sofiya Yasim Ibrahim Ali&quot;
    }
  }
}</component>
  <component name="GitLabMergeRequestsSettings">{
  &quot;selectedUrlAndAccountId&quot;: {
    &quot;first&quot;: &quot;https://git.gvk.idi.ntnu.no/course/prog2005/prog2005-2025-workspace/katerinr/assignment-2.git&quot;,
    &quot;second&quot;: &quot;81d7f2f6-5888-4bfb-a3c0-f120acb77a4d&quot;
  }
}</component>
  <component name="ProjectColorInfo">{
  &quot;associatedIndex&quot;: 1
}</component>
  <component name="ProjectId" id="2vUshZe4dYgnFKK7cVRlUV1FXXf" />
  <component name="ProjectViewState">
    <option name="hideEmptyMiddlePackages" value="true" />
    <option name="showLibraryContents" value="true" />
  </component>
  <component name="PropertiesComponent">{
  &quot;keyToString&quot;: {
    &quot;DefaultGoTemplateProperty&quot;: &quot;Go File&quot;,
    &quot;Go Test.TestAddDashboard_InvalidJSON in Assigment2/testing_handler.executor&quot;: &quot;Run&quot;,
    &quot;Go Test.TestAddDashboard_Success in Assigment2/testing_handler.executor&quot;: &quot;Run&quot;,
    &quot;Go Test.TestGetDashboard_Simple in Assigment2/testing_handler.executor&quot;: &quot;Debug&quot;,
    &quot;Go Test.TestGetWebhookByID_InvalidMethod in Assigment2/testing_handler.executor&quot;: &quot;Run&quot;,
    &quot;Go Test.TestStatusHandler_GET in Assigment2/testing_handler.executor&quot;: &quot;Run&quot;,
    &quot;Go Test.TestUnsupportedMethod in Assigment2/testing_handler.executor&quot;: &quot;Run&quot;,
    &quot;Go Test.TestViewDashboard_InvalidID in Assigment2/testing_handler.executor&quot;: &quot;Run&quot;,
    &quot;Go Test.go test Assigment2/testing_handler.executor&quot;: &quot;Run&quot;,
    &quot;Go Test.test_notificationHandler_test.go.executor&quot;: &quot;Run&quot;,
    &quot;Go Test.test_registrationsHandler_test.go.executor&quot;: &quot;Run&quot;,
    &quot;Go Test.test_status_test.go.executor&quot;: &quot;Run&quot;,
    &quot;RunOnceActivity.ShowReadmeOnStart&quot;: &quot;true&quot;,
    &quot;RunOnceActivity.git.unshallow&quot;: &quot;true&quot;,
    &quot;RunOnceActivity.go.formatter.settings.were.checked&quot;: &quot;true&quot;,
    &quot;RunOnceActivity.go.migrated.go.modules.settings&quot;: &quot;true&quot;,
    &quot;git-widget-placeholder&quot;: &quot;main&quot;,
    &quot;go.import.settings.migrated&quot;: &quot;true&quot;,
    &quot;go.sdk.automatically.set&quot;: &quot;true&quot;,
    &quot;kotlin-language-version-configured&quot;: &quot;true&quot;,
    &quot;last_opened_file_path&quot;: &quot;C:/Users/sofiy/Downloads/assignment-2-main&quot;,
    &quot;node.js.detected.package.eslint&quot;: &quot;true&quot;,
    &quot;node.js.detected.package.tslint&quot;: &quot;true&quot;,
    &quot;node.js.selected.package.eslint&quot;: &quot;(autodetect)&quot;,
    &quot;node.js.selected.package.tslint&quot;: &quot;(autodetect)&quot;,
    &quot;nodejs_package_manager_path&quot;: &quot;npm&quot;,
    &quot;vue.rearranger.settings.migration&quot;: &quot;true&quot;
  }
}</component>
  <component name="RecentsManager">
    <key name="MoveFile.RECENT_KEYS">
      <recent name="C:\Users\sofiy\OneDrive - NTNU\semester 4\Cloud Technologies\assignment-2\testing_handler" />
      <recent name="C:\Users\sofiy\OneDrive - NTNU\semester 4\Cloud Technologies\assignment-2" />
    </key>
  </component>
  <component name="RunManager" selected="Go Test.TestAddDashboard_InvalidJSON in Assigment2/testing_handler">
    <configuration default="true" type="GoApplicationRunConfiguration" factoryName="Go Application">
      <module name="assignment-2" />
      <working_directory value="$PROJECT_DIR$" />
      <go_parameters value="-i" />
      <kind value="FILE" />
      <directory value="$PROJECT_DIR$" />
      <filePath value="$PROJECT_DIR$" />
      <method v="2" />
    </configuration>
    <configuration name="TestAddDashboard_InvalidJSON in Assigment2/testing_handler" type="GoTestRunConfiguration" factoryName="Go Test" temporary="true" nameIsGenerated="true">
      <module name="assignment-2" />
      <working_directory value="$PROJECT_DIR$/testing_handler" />
      <root_directory value="$PROJECT_DIR$" />
      <kind value="PACKAGE" />
      <package value="Assigment2/testing_handler" />
      <directory value="$PROJECT_DIR$" />
      <filePath value="$PROJECT_DIR$" />
      <framework value="gotest" />
      <pattern value="^\QTestAddDashboard_InvalidJSON\E$" />
      <method v="2" />
    </configuration>
    <configuration name="TestAddDashboard_Success in Assigment2/testing_handler" type="GoTestRunConfiguration" factoryName="Go Test" temporary="true" nameIsGenerated="true">
      <module name="assignment-2" />
      <working_directory value="$PROJECT_DIR$/testing_handler" />
      <root_directory value="$PROJECT_DIR$" />
      <kind value="PACKAGE" />
      <package value="Assigment2/testing_handler" />
      <directory value="$PROJECT_DIR$" />
      <filePath value="$PROJECT_DIR$" />
      <framework value="gotest" />
      <pattern value="^\QTestAddDashboard_Success\E$" />
      <method v="2" />
    </configuration>
    <configuration name="TestGetDashboard_Simple in Assigment2/testing_handler" type="GoTestRunConfiguration" factoryName="Go Test" temporary="true" nameIsGenerated="true">
      <module name="assignment-2" />
      <working_directory value="$PROJECT_DIR$/testing_handler" />
      <root_directory value="$PROJECT_DIR$" />
      <kind value="PACKAGE" />
      <package value="Assigment2/testing_handler" />
      <directory value="$PROJECT_DIR$" />
      <filePath value="$PROJECT_DIR$" />
      <framework value="gotest" />
      <pattern value="^\QTestGetDashboard_Simple\E$" />
      <method v="2" />
    </configuration>
    <configuration name="TestUnsupportedMethod in Assigment2/testing_handler" type="GoTestRunConfiguration" factoryName="Go Test" temporary="true" nameIsGenerated="true">
      <module name="assignment-2" />
      <working_directory value="$PROJECT_DIR$/testing_handler" />
      <root_directory value="$PROJECT_DIR$" />
      <kind value="PACKAGE" />
      <package value="Assigment2/testing_handler" />
      <directory value="$PROJECT_DIR$" />
      <filePath value="$PROJECT_DIR$" />
      <framework value="gotest" />
      <pattern value="^\QTestUnsupportedMethod\E$" />
      <method v="2" />
    </configuration>
    <configuration name="TestViewDashboard_InvalidID in Assigment2/testing_handler" type="GoTestRunConfiguration" factoryName="Go Test" temporary="true" nameIsGenerated="true">
      <module name="assignment-2" />
      <working_directory value="$PROJECT_DIR$/testing_handler" />
      <root_directory value="$PROJECT_DIR$" />
      <kind value="PACKAGE" />
      <package value="Assigment2/testing_handler" />
      <directory value="$PROJECT_DIR$" />
      <filePath value="$PROJECT_DIR$" />
      <framework value="gotest" />
      <pattern value="^\QTestViewDashboard_InvalidID\E$" />
      <method v="2" />
    </configuration>
    <configuration default="true" type="GoTestRunConfiguration" factoryName="Go Test">
      <module name="assignment-2" />
      <working_directory value="$PROJECT_DIR$" />
      <go_parameters value="-i" />
      <kind value="DIRECTORY" />
      <directory value="$PROJECT_DIR$" />
      <filePath value="$PROJECT_DIR$" />
      <framework value="gotest" />
      <method v="2" />
    </configuration>
    <recent_temporary>
      <list>
        <item itemvalue="Go Test.TestGetDashboard_Simple in Assigment2/testing_handler" />
        <item itemvalue="Go Test.TestUnsupportedMethod in Assigment2/testing_handler" />
        <item itemvalue="Go Test.TestAddDashboard_InvalidJSON in Assigment2/testing_handler" />
        <item itemvalue="Go Test.TestAddDashboard_Success in Assigment2/testing_handler" />
        <item itemvalue="Go Test.TestViewDashboard_InvalidID in Assigment2/testing_handler" />
      </list>
    </recent_temporary>
  </component>
  <component name="SharedIndexes">
    <attachedChunks>
      <set>
        <option value="bundled-jdk-9823dce3aa75-a94e463ab2e7-intellij.indexing.shared.core-IU-243.26053.27" />
        <option value="bundled-js-predefined-d6986cc7102b-1632447f56bf-JavaScript-IU-243.26053.27" />
      </set>
    </attachedChunks>
  </component>
  <component name="SpellCheckerSettings" RuntimeDictionaries="0" Folders="0" CustomDictionaries="0" DefaultDictionary="application-level" UseSingleDictionary="true" transferred="true" />
  <component name="TaskManager">
    <task active="true" id="Default" summary="Default task">
      <changelist id="5d2ad899-e5f5-4982-9373-920fa6fbaba4" name="Changes" comment="" />
      <created>1744211106615</created>
      <option name="number" value="Default" />
      <option name="presentableId" value="Default" />
      <updated>1744211106615</updated>
      <workItem from="1744211107868" duration="18683000" />
      <workItem from="1745508530614" duration="1650000" />
      <workItem from="1745837618317" duration="2010000" />
    </task>
    <task id="LOCAL−00001" summary="Renamed two files to cleanup the directories">
      <option name="closed" value="true" />
      <created>1744211985697</created>
      <option name="number" value="LOCAL−00001" />
      <option name="presentableId" value="LOCAL−00001" />
      <updated>1744211985697</updated>
    </task>
    <task id="LOCAL−00002" summary="Renamed file to cleanup">
      <option name="closed" value="true" />
      <created>1744212386727</created>
      <option name="number" value="LOCAL−00002" />
      <option name="presentableId" value="LOCAL−00002" />
      <updated>1744212386727</updated>
    </task>
    <task id="LOCAL−00003" summary="Test for notificationHandler">
      <option name="closed" value="true" />
      <created>1744216366512</created>
      <option name="number" value="LOCAL−00003" />
      <option name="presentableId" value="LOCAL−00003" />
      <updated>1744216366512</updated>
    </task>
    <task id="LOCAL−00004" summary="Renamed the test_status.go to test_status_test.go">
      <option name="closed" value="true" />
      <created>1744223260994</created>
      <option name="number" value="LOCAL−00004" />
      <option name="presentableId" value="LOCAL−00004" />
      <updated>1744223260994</updated>
    </task>
    <task id="LOCAL−00005" summary="Implemented test for status">
      <option name="closed" value="true" />
      <created>1744224636998</created>
      <option name="number" value="LOCAL−00005" />
      <option name="presentableId" value="LOCAL−00005" />
      <updated>1744224636998</updated>
    </task>
    <task id="LOCAL−00006" summary="Cleaned up go.mod file because of conflict">
      <option name="closed" value="true" />
      <created>1744225375091</created>
      <option name="number" value="LOCAL−00006" />
      <option name="presentableId" value="LOCAL−00006" />
      <updated>1744225375091</updated>
    </task>
    <task id="LOCAL−00007" summary="Implemented basic tests for registrationHandler functions">
      <option name="closed" value="true" />
      <created>1744226358728</created>
      <option name="number" value="LOCAL−00007" />
      <option name="presentableId" value="LOCAL−00007" />
      <updated>1744226358728</updated>
    </task>
    <task id="LOCAL−00008" summary="Commented">
      <option name="closed" value="true" />
      <created>1744226690076</created>
      <option name="number" value="LOCAL−00008" />
      <option name="presentableId" value="LOCAL−00008" />
      <updated>1744226690076</updated>
    </task>
    <task id="LOCAL−00009" summary="Final README edited">
      <option name="closed" value="true" />
      <created>1744228833159</created>
      <option name="number" value="LOCAL−00009" />
      <option name="presentableId" value="LOCAL−00009" />
      <updated>1744228833159</updated>
    </task>
    <task id="LOCAL−00010" summary="Final README edited">
      <option name="closed" value="true" />
      <created>1744230322367</created>
      <option name="number" value="LOCAL−00010" />
      <option name="presentableId" value="LOCAL−00010" />
      <updated>1744230322367</updated>
    </task>
    <task id="LOCAL−00011" summary="Final README edited">
      <option name="closed" value="true" />
      <created>1744230361542</created>
      <option name="number" value="LOCAL−00011" />
      <option name="presentableId" value="LOCAL−00011" />
      <updated>1744230361542</updated>
    </task>
    <task id="LOCAL−00012" summary="Deleted dashBoardHandler_test --&gt; unable to finish">
      <option name="closed" value="true" />
      <created>1744230667997</created>
      <option name="number" value="LOCAL−00012" />
      <option name="presentableId" value="LOCAL−00012" />
      <updated>1744230667997</updated>
    </task>
    <option name="localTasksCounter" value="13" />
    <servers />
  </component>
  <component name="TypeScriptGeneratedFilesManager">
    <option name="version" value="3" />
  </component>
  <component name="Vcs.Log.Tabs.Properties">
    <option name="TAB_STATES">
      <map>
        <entry key="MAIN">
          <value>
            <State />
          </value>
        </entry>
      </map>
    </option>
  </component>
  <component name="VcsManagerConfiguration">
    <MESSAGE value="Renamed two files to cleanup the directories" />
    <MESSAGE value="Renamed file to cleanup" />
    <MESSAGE value="Test for notificationHandler" />
    <MESSAGE value="Updated test methods for notificationHandler" />
    <MESSAGE value="Renamed the test_status.go to test_status_test.go" />
    <MESSAGE value="Implemented test for status" />
    <MESSAGE value="Cleaned up go.mod file because of conflict" />
    <MESSAGE value="Implemented basic tests for registrationHandler functions" />
    <MESSAGE value="Commented" />
    <MESSAGE value="Final README edited" />
    <MESSAGE value="Deleted dashBoardHandler_test --&gt; unable to finish" />
    <option name="LAST_COMMIT_MESSAGE" value="Deleted dashBoardHandler_test --&gt; unable to finish" />
  </component>
  <component name="VgoProject">
    <settings-migrated>true</settings-migrated>
  </component>
  <component name="XDebuggerManager">
    <breakpoint-manager>
      <breakpoints>
        <line-breakpoint enabled="true" type="DlvLineBreakpoint">
          <url>file://$PROJECT_DIR$/testing_handler/test_notificationHandler_test.go</url>
          <line>49</line>
          <option name="timeStamp" value="2" />
        </line-breakpoint>
      </breakpoints>
    </breakpoint-manager>
  </component>
</project>